0.0,0.0
0.01,0.0
0.02,0.0
0.03,0.0
0.04,0.0
0.05,0.0
0.06,0.0
0.07,0.0
0.08,0.0
0.09,0.0
0.1,0.0
0.11,0.0
0.12,0.0
0.13,0.0
0.14,0.0
0.15,0.0
0.16,0.0
0.17,0.0
0.18,0.0
0.19,0.0
0.2,0.0
0.21,0.0
0.22,0.0
0.23,0.0
0.24,0.0
0.25,0.0
0.26,0.0
0.27,0.0
0.28,0.0
0.29,0.0
0.3,0.0
0.31,0.0
0.32,0.0
0.33,0.0
0.34,0.0
0.35000000000000003,0.0
0.36,0.0
0.37,0.0
0.38,0.0
0.39,0.0
0.4,0.0
0.41000000000000003,0.0
0.42,0.0
0.43,0.0
0.44,0.0
0.45,0.0
0.46,0.0
0.47000000000000003,0.0
0.48,0.0
0.49,0.0
0.5,0.0
0.51,0.0
0.52,0.0
0.53,0.0
0.54,0.0
0.55,0.0
0.56,0.0
0.5700000000000001,0.0
0.58,0.0
0.59,0.0
0.6,0.0
0.61,0.0
0.62,0.0
0.63,0.0
0.64,0.0
0.65,0.0
0.66,0.0
0.67,0.0
0.68,0.0
0.6900000000000001,0.0
0.7000000000000001,0.0
0.71,0.0
0.72,0.0
0.73,0.0
0.74,0.0
0.75,0.0
0.76,0.0
0.77,0.0
0.78,0.0
0.79,0.0
0.8,0.0
0.81,0.0
0.8200000000000001,0.0
0.8300000000000001,0.0
0.84,0.0
0.85,0.0
0.86,0.0
0.87,0.0
0.88,0.0
0.89,0.0
0.9,0.0
0.91,0.0
0.92,0.0
0.93,0.0
0.9400000000000001,0.0
0.9500000000000001,0.0
0.96,0.0
0.97,0.0
0.98,0.0
0.99,0.0
1.0,0.0
1.01,0.0
1.02,0.0
1.03,0.0
1.04,0.0
1.05,0.0
1.06,0.0
1.07,0.0
1.08,0.0
1.09,0.0
1.1,0.0
1.11,0.0
1.12,0.0
1.1300000000000001,0.0
1.1400000000000001,0.0
1.1500000000000001,0.0
1.16,0.0
1.17,0.0
1.18,0.0
1.19,0.0
1.2,0.0
1.21,0.0
1.22,0.0
1.23,0.0
1.24,0.0
1.25,0.0
1.26,0.0
1.27,0.0
1.28,0.0
1.29,0.0
1.3,0.0
1.31,0.0
1.32,0.0
1.33,0.0
1.34,0.0
1.35,0.0
1.36,0.0
1.37,0.0
1.3800000000000001,0.0
1.3900000000000001,0.0
1.4000000000000001,0.0
1.41,0.0
1.42,0.0
1.43,0.0
1.44,0.0
1.45,0.0
1.46,0.0
1.47,0.0
1.48,0.0
1.49,0.0
1.5,0.0
1.51,0.010437180603527435
1.52,0.031311516057876694
1.53,0.0626229548577001
1.54,0.10437141974513499
1.55,0.15655680770999436
1.56,0.21917898999002097
1.57,0.2922378120712052
1.58,0.37573309368816604
1.59,0.46966462882459614
1.6,0.57403218571377
1.61,0.688835506839116
1.62,0.8140743089348514
1.6300000000000001,0.9497482829866817
1.6400000000000001,1.0958570942325627
1.6500000000000001,1.2524003821635272
1.6600000000000001,1.4193777605245737
1.67,1.5967888173156195
1.68,1.784633114792518
1.69,1.9829101894681387
1.7,2.1916195521135093
1.71,2.410760687759025
1.72,2.640333055695718
1.73,2.880336089476591
1.74,3.1307691969180165
1.75,3.3916317601011965
1.76,3.6629231353736884
1.77,3.9446426533509915
1.78,4.2367896189182
1.79,4.539363311231718
1.8,4.852362983721038
1.81,5.175787864090583
1.82,5.509637154321609
1.83,5.853910030674182
1.84,6.208605643689202
1.85,6.573723118190503
1.86,6.949261553287012
1.87,7.335220022374971
1.8800000000000001,7.731597573140225
1.8900000000000001,8.13839322756057
1.9000000000000001,8.555605981908167
1.9100000000000001,8.98323480675202
1.92,9.42127864696051
1.93,9.869736421704008
1.94,10.328607024457535
1.95,10.797889323003492
1.96,11.27758215943446
1.97,11.767684350156047
1.98,12.268194685889819
1.99,12.779111931676276
2.0,13.300434826877904
2.0100000000000002,13.832162085182281
2.02,14.374292394605256
2.0300000000000002,14.92682441749418
2.04,15.489756790531212
2.05,16.063088124736684
2.06,16.646817005472517
2.07,17.24094199244573
2.08,17.845461619711976
2.09,18.460374395679167
2.1,19.085678803111158
2.11,19.72137329913148
2.12,20.367456315227155
2.13,21.02392625725257
2.14,21.6907815054334
2.15,22.36802041437061
2.16,23.05564131304451
2.17,23.753642504818895
2.18,24.462022267445207
2.19,25.180778853066798
2.2,25.909910488223243
2.21,26.649415373854715
2.22,27.39929168530642
2.23,28.159537572333104
2.24,28.930151159103612
2.25,29.711130544205524
2.2600000000000002,30.50247380064984
2.27,31.30417897587574
2.2800000000000002,32.116244091755405
2.29,32.93866714459888
2.3000000000000003,33.77144610515905
2.31,34.614578918636596
2.32,35.46806350468512
2.33,36.33189775741625
2.34,37.20607954540484
2.35,38.09060671169422
2.36,38.98547707380155
2.37,39.890688423723155
2.38,40.80623852794002
2.39,41.732125127423274
2.4,42.66834593763977
2.41,43.61489864855773
2.42,44.57178092465244
2.43,45.53899040491197
2.44,46.516524702843114
2.45,47.50438140647715
2.46,48.50255807837587
2.47,49.51105225563755
2.48,50.52986144990307
2.49,51.55898314736202
2.5,52.5984148087589
2.5100000000000002,53.64815386939944
2.52,54.708197739156816
2.5300000000000002,55.77854380247818
2.54,56.85918941839104
2.5500000000000003,57.95013192050974
2.56,59.05136861704209
2.57,60.16289679079603
2.58,61.28471369918629
2.59,62.41681657424116
2.6,63.55920262260933
2.61,64.71186902556678
2.62,65.87481293902377
2.63,67.04803149353178
2.64,68.23152179429066
2.65,69.42528092115572
2.66,70.62930592864498
2.67,71.84359384594647
2.68,73.06814167692544
2.69,74.30294640013183
2.7,75.54800496880776
2.71,76.80331431089495
2.72,78.0688713290424
2.73,79.34467290061396
2.74,80.63071587769609
2.75,81.92699708710558
2.7600000000000002,83.23351333039739
2.77,84.5502613838726
2.7800000000000002,85.87723799858627
2.79,87.2144399003555
2.8000000000000003,88.56186378976754
2.81,89.91950634218787
2.82,91.28736420776848
2.83,92.66543401145604
2.84,94.05371235300031
2.85,95.45219580696246
2.86,96.86088092272361
2.87,98.27976422449328
2.88,99.70884221131796
2.89,101.14811135708976
2.9,102.59756811055516
2.91,104.0572088953237
2.92,105.52703010987685
2.93,107.00702812757685
2.94,108.49719929667572
2.95,109.99753994032424
2.96,111.50804635658102
2.97,113.02871481842163
2.98,114.55954157374784
2.99,116.10052284539675
3.0,117.65165483115028
3.0100000000000002,119.21293370374443
3.02,120.7843556108788
3.0300000000000002,122.36591667522606
3.04,123.95761299444148
3.0500000000000003,125.55944064117264
3.06,127.17139566306903
3.0700000000000003,128.7934740827919
3.08,130.42567189802398
3.09,132.0679850814794
3.1,133.72040958091367
3.11,135.38294131913355
3.12,137.05557619400727
3.13,138.73831007847457
3.14,140.43113882055684
3.15,142.13405824336746
3.16,143.847064145122
3.17,145.57015229914873
3.18,147.30331845389887
3.19,149.04655833295726
3.2,150.79986763505275
3.21,152.56324203406896
3.22,154.33667717905485
3.23,156.12016869423547
3.24,157.91371217902284
3.25,159.71730320802666
3.2600000000000002,161.53093733106536
3.27,163.35461007317704
3.2800000000000002,165.1883169346305
3.29,167.03205339093634
3.3000000000000003,168.88581489285812
3.31,170.74959686642364
3.3200000000000003,172.6233947129361
3.33,174.5072038089857
3.34,176.40101950646064
3.35,178.30483713255896
3.36,180.21865198979995
3.37,182.14245935603563
3.38,184.07625448446268
3.39,186.02003260363387
3.4,187.97378891746976
3.41,189.93751860527095
3.42,191.9112168217296
3.43,193.8948786969417
3.44,195.88849933641862
3.45,197.8920738210996
3.46,199.90559720736385
3.47,201.92906452704258
3.48,203.96247078743133
3.49,206.0058109713022
3.5,208.05908003691647
3.5100000000000002,210.12227291803683
3.52,212.19538452393988
3.5300000000000002,214.27840973942892
3.54,216.37134342484623
3.5500000000000003,218.47418041608603
3.56,220.58691552460704
3.5700000000000003,222.7095435374454
3.58,224.84205921722753
3.59,226.984457302183
3.6,229.13673250615741
3.61,231.29887951862568
3.62,233.47089300470506
3.63,235.65276760516812
3.64,237.84449793645615
3.65,240.0460785906925
3.66,242.25750413569577
3.67,244.47876911499318
3.68,246.70986804783425
3.69,248.95079542920413
3.7,251.2015457298373
3.71,253.46211339623113
3.72,255.73249285065958
3.73,258.01267849118705
3.74,260.3026646916822
3.75,262.60244580183166
3.7600000000000002,264.9120161471542
3.77,267.2313700290145
3.7800000000000002,269.5605017246375
3.79,271.89940548712224
3.8000000000000003,274.2480755454562
3.81,276.60650610452944
3.8200000000000003,278.97469134514904
3.83,281.3526254240533
3.84,283.74030247392636
3.85,286.13771660341234
3.86,288.5448618971302
3.87,290.9617324156883
3.88,293.3883221956989
3.89,295.82462524979275
3.9,298.27063556663444
3.91,300.7263471109366
3.92,303.19175382347515
3.93,305.66684962110406
3.94,308.15162839677043
3.95,310.64608401952984
3.96,313.1502103345608
3.97,315.6640011631806
3.98,318.1874503028604
3.99,320.7205515272401
4.0,323.2632985861444
4.01,325.81568520559756
4.0200000000000005,328.37770508783944
4.03,330.94935191134056
4.04,333.53061933081807
4.05,336.12150097725123
4.0600000000000005,338.7219904578971
4.07,341.3320813563064
4.08,343.9517672323393
4.09,346.5810416221814
4.1,349.21989803835925
4.11,351.8683299697572
4.12,354.5263308816327
4.13,357.1938942156328
4.14,359.87101338980995
4.15,362.55768179863884
4.16,365.25389281303217
4.17,367.95963978035735
4.18,370.67491602445267
4.19,373.399714845644
4.2,376.134029520761
4.21,378.87785330315404
4.22,381.6311794227108
4.23,384.3940010858726
4.24,387.1663114756518
4.25,389.94810375164815
4.26,392.73937105006536
4.2700000000000005,395.54010648372923
4.28,398.3503031421033
4.29,401.1699540913068
4.3,403.9990523741313
4.3100000000000005,406.83759101005785
4.32,409.6855629952746
4.33,412.5429613026939
4.34,415.4097788819694
4.3500000000000005,418.28600865951364
4.36,421.17164353851564
4.37,424.0666763989581
4.38,426.9711000976354
4.39,429.88490746817064
4.4,432.8080913210338
4.41,435.74064444355946
4.42,438.6825595999641
4.43,441.6338295313646
4.44,444.5944469557958
4.45,447.5644045682285
4.46,450.5436950405876
4.47,453.53231102176983
4.48,456.53024513766246
4.49,459.5374899911612
4.5,462.5540381621881
4.51,465.57988220771045
4.5200000000000005,468.60457748115545
4.53,471.6281165193881
4.54,474.6504918621264
4.55,477.67169605195966
4.5600000000000005,480.6917216343668
4.57,483.710561157735
4.58,486.7282071733778
4.59,489.74465223555364
4.6000000000000005,492.75988890148415
4.61,495.77390973137256
4.62,498.78670728842224
4.63,501.79827413885454
4.64,504.8086028519277
4.65,507.81768599995485
4.66,510.8255161583225
4.67,513.8320859055087
4.68,516.8373878231014
4.69,519.8414144958169
4.7,522.8441585115181
4.71,525.8456124612326
4.72,528.8457689391711
4.73,531.8446205427457
4.74,534.8421598725884
4.75,537.8383795325686
4.76,540.8332721298123
4.7700000000000005,543.8268302747196
4.78,546.8190465809834
4.79,549.8099136656074
4.8,552.7994241489246
4.8100000000000005,555.7875706546147
4.82,558.7743458097235
4.83,561.7597422446803
4.84,564.7437525933158
4.8500000000000005,567.7263694928813
4.86,570.7075855840661
4.87,573.6873935110159
4.88,576.6657859213507
4.89,579.6427554661834
4.9,582.6182948001376
4.91,585.5923965813658
4.92,588.5650534715675
4.93,591.5362581360071
4.94,594.5060032435329
4.95,597.4742814665934
4.96,600.4410854812579
4.97,603.4064079672319
4.98,606.3702416078771
4.99,609.3325790902287
5.0,612.2934131050134
5.01,615.2527363466676
5.0200000000000005,618.2105415133552
5.03,621.1668213069862
5.04,624.121568433234
5.05,627.0747756015536
5.0600000000000005,630.0264355252003
5.07,632.9765409212463
5.08,635.9250845106
5.09,638.872059018023
5.1000000000000005,641.8174571721488
5.11,644.7612717055002
5.12,647.7034953545075
5.13,650.6441208595263
5.14,653.5831409648556
5.15,656.5205484187552
5.16,659.4563359734645
5.17,662.3904963852193
5.18,665.3230224142706
5.19,668.2539068249018
5.2,671.1831423854472
5.21,674.1107218683092
5.22,677.0366380499762
5.23,679.9608837110411
5.24,682.8834516362184
5.25,685.8043346143621
5.26,688.7235254384841
5.2700000000000005,691.641016905771
5.28,694.5568018176027
5.29,697.4708729795699
5.3,700.3832232014913
5.3100000000000005,703.2938452974328
5.32,706.2027320857233
5.33,709.1098763889737
5.34,712.0152710340948
5.3500000000000005,714.9189088523138
5.36,717.8207826791935
5.37,720.7208853546483
5.38,723.6192097229632
5.39,726.515748632811
5.4,729.4104949372697
5.41,732.3034414938409
5.42,735.1945811644662
5.43,738.083906815546
5.44,740.9714113179565
5.45,743.8570875470674
5.46,746.7409283827594
5.47,749.6229267094419
5.48,752.5030754160707
5.49,755.381367396165
5.5,758.2577955478256
5.51,761.1323527737516
5.5200000000000005,764.0050319812591
5.53,766.8758260822979
5.54,769.7447279934686
5.55,772.6117306360411
5.5600000000000005,775.4768269359712
5.57,778.340009823919
5.58,781.2012722352648
5.59,784.0606071101283
5.6000000000000005,786.918007393385
5.61,789.7734660346837
5.62,792.6269759884639
5.63,795.4785302139735
5.64,798.3281216752861
5.65,801.1757433413179
5.66,804.0213881858457
5.67,806.8650491875234
5.68,809.7067193299004
5.69,812.5463916014379
5.7,815.3840589955271
5.71,818.2197145105056
5.72,821.0533511496753
5.73,823.8849619213197
5.74,826.7145398387204
5.75,829.5420779201754
5.76,832.3675691890155
5.7700000000000005,835.1910066736219
5.78,838.012383407443
5.79,840.8316924290126
5.8,843.6489267819657
5.8100000000000005,846.4640795150565
5.82,849.2771436821757
5.83,852.088112342367
5.84,854.8969785598447
5.8500000000000005,857.7037354040106
5.86,860.508375949471
5.87,863.3108932760546
5.88,866.1112804688282
5.89,868.9095306181148
5.9,871.7056368195103
5.91,874.4995921739007
5.92,877.2913897874789
5.93,880.0810227717617
5.94,882.8684842436072
5.95,885.6537673252311
5.96,888.4368651442244
5.97,891.2177708335698
5.98,893.996477531659
5.99,896.7729783823096
6.0,899.5472665347814
6.01,902.3193351437945
6.0200000000000005,905.0891773695452
6.03,907.8567863777228
6.04,910.6221553395274
6.05,913.385277431686
6.0600000000000005,916.1461458364695
6.07,918.9047537417096
6.08,921.6610943408153
6.09,924.4151608327905
6.1000000000000005,927.1669464222497
6.11,929.9164443194356
6.12,932.6636477402353
6.13,935.4085499061975
6.140000000000001,938.1511440445494
6.15,940.8914233882118
6.16,943.6293811758185
6.17,946.3650106517304
6.18,949.0983050660541
6.19,951.829257674657
6.2,954.5578617391851
6.21,957.2841105270792
6.22,960.0079973115913
6.23,962.7295153718018
6.24,965.448657992635
6.25,968.1654184648772
6.26,970.879790085192
6.2700000000000005,973.5917661561368
6.28,976.3013399861807
6.29,979.0085048897192
6.3,981.7132541870924
6.3100000000000005,984.4155812046
6.32,987.115479274519
6.33,989.812941735119
6.34,992.5079619306797
6.3500000000000005,995.2005332115066
6.36,997.8906489339479
6.37,1000.5783024604103
6.38,1003.263487159376
6.390000000000001,1005.9461964054185
6.4,1008.6264235792197
6.41,1011.3041620675851
6.42,1013.9794052634614
6.43,1016.6521465659521
6.44,1019.3223793803332
6.45,1021.9900971180714
6.46,1024.6552931968379
6.47,1027.3179610405264
6.48,1029.9780940792687
6.49,1032.6356857494509
6.5,1035.29072949373
6.51,1037.943218761049
6.5200000000000005,1040.5931470066546
6.53,1043.2405076921123
6.54,1045.8852942853227
6.55,1048.527500260538
6.5600000000000005,1051.1671190983777
6.57,1053.8041442858441
6.58,1056.4385693163404
6.59,1059.0703876896841
6.6000000000000005,1061.6995929121251
6.61,1064.3261784963613
6.62,1066.9501379615535
6.63,1069.5714648333428
6.640000000000001,1072.1901526438655
6.65,1074.8061949317698
6.66,1077.4195852422315
6.67,1080.0303171269695
6.68,1082.638384144263
6.69,1085.2437798589651
6.7,1087.8464978425213
6.71,1090.446531672984
6.72,1093.043874935028
6.73,1095.6385212199666
6.74,1098.2304641257685
6.75,1100.8196972570722
6.76,1103.406214225202
6.7700000000000005,1105.9900086481841
6.78,1108.5710741507635
6.79,1111.149404364417
6.8,1113.7249929273719
6.8100000000000005,1116.2978334846184
6.82,1118.8679196879289
6.83,1121.4352451958707
6.84,1123.9998036738239
6.8500000000000005,1126.5615887939946
6.86,1129.1205942354334
6.87,1131.6768136840485
6.88,1134.2302408326223
6.890000000000001,1136.7808693808274
6.9,1139.3286930352417
6.91,1141.8737055093632
6.92,1144.4159005236268
6.93,1146.9552718054183
6.94,1149.4918130890926
6.95,1152.0255181159855
6.96,1154.556380634432
6.97,1157.0843943997802
6.98,1159.6095531744077
6.99,1162.1318507277363
7.0,1164.6512808362472
7.01,1167.1678372834972
7.0200000000000005,1169.6815138601335
7.03,1172.1923043639088
7.04,1174.7002025996971
7.05,1177.2052023795093
7.0600000000000005,1179.707297522507
7.07,1182.2064818550193
7.08,1184.7027492105574
7.09,1187.1960934298293
7.1000000000000005,1189.6865083607565
7.11,1192.1739878584876
7.12,1194.6585257854142
7.13,1197.1401160111861
7.140000000000001,1199.6187524127258
7.15,1202.0944288742446
7.16,1204.5671392872569
7.17,1207.0368775505954
7.18,1209.5036375704267
7.19,1211.9674132602654
7.2,1214.4281985409896
7.21,1216.8859873408571
7.22,1219.340773595518
7.23,1221.7925512480308
7.24,1224.2413142488786
7.25,1226.6870565559814
7.26,1229.1297721347137
7.2700000000000005,1231.5694549579173
7.28,1234.0060990059173
7.29,1236.4396982665373
7.3,1238.8702467351127
7.3100000000000005,1241.2977384145063
7.32,1243.7221673151244
7.33,1246.1435274549294
7.34,1248.5618128594558
7.3500000000000005,1250.977017561825
7.36,1253.3891356027593
7.37,1255.7981610305972
7.38,1258.204087901308
7.390000000000001,1260.6069102785061
7.4,1263.0066222334665
7.41,1265.4032178451382
7.42,1267.79669120016
7.43,1270.187036392874
7.44,1272.5742475253414
7.45,1274.958318707356
7.46,1277.3392440564592
7.47,1279.717017697954
7.48,1282.0916337649203
7.49,1284.4630863982295
7.5,1286.8313697465578
7.51,1289.1964779664013
7.5200000000000005,1291.5584052220906
7.53,1293.917145685805
7.54,1296.2726935375872
7.55,1298.6250429653564
7.5600000000000005,1300.9741881649247
7.57,1303.3201233400102
7.58,1305.6628427022501
7.59,1308.002340471218
7.6000000000000005,1310.3386108744355
7.61,1312.6716481473875
7.62,1315.0014465335366
7.63,1317.3280002843367
7.640000000000001,1319.6513036592478
7.65,1321.9713509257494
7.66,1324.2881363593563
7.67,1326.6016542436305
7.68,1328.9118988701962
7.69,1331.2188645387546
7.7,1333.5225455570971
7.71,1335.8229362411205
7.72,1338.1200309148387
7.73,1340.4138239103993
7.74,1342.7043095680958
7.75,1344.991482236383
7.76,1347.2753362718893
7.7700000000000005,1349.555866039432
7.78,1351.8330659120309
7.79,1354.1069302709216
7.8,1356.3774535055693
7.8100000000000005,1358.644630013684
7.82,1360.908454201233
7.83,1363.1689204824552
7.84,1365.4260232798745
7.8500000000000005,1367.6797570243145
7.86,1369.930116154911
7.87,1372.1770951191268
7.88,1374.4206883727645
7.890000000000001,1376.6608903799809
7.9,1378.8976956133001
7.91,1381.1310985536275
7.92,1383.361093690263
7.930000000000001,1385.5876755209163
7.94,1387.8108385517173
7.95,1390.0305772972324
7.96,1392.2468862804767
7.97,1394.4597600329282
7.98,1396.6691930945412
7.99,1398.875180013759
8.0,1401.0777153475283
8.01,1403.2767936613118
8.02,1405.4724095291024
8.03,1407.6645575334367
8.040000000000001,1409.8532322654066
8.05,1412.0384283246756
8.06,1414.2201403194892
8.07,1416.39836286669
8.08,1418.5730905917305
8.09,1420.7443181286862
8.1,1422.9120401202692
8.11,1425.0762512178403
8.120000000000001,1427.2369460814245
8.13,1429.3941193797214
8.14,1431.5477657901206
8.15,1433.6978799987137
8.16,1435.8444567003075
8.17,1437.987490598438
8.18,1440.1269764053814
8.19,1442.262908842169
8.2,1444.3952826386005
8.21,1446.5240925332553
8.22,1448.649333273506
8.23,1450.770999615533
8.24,1452.8890863243353
8.25,1455.0035881737444
8.26,1457.114499946438
8.27,1459.2218164339497
8.28,1461.3255324366867
8.290000000000001,1463.4256427639384
8.3,1465.5221422338914
8.31,1467.6150256736416
8.32,1469.7042879192072
8.33,1471.789923815542
8.34,1473.8719282165453
8.35,1475.9502959850795
8.36,1478.025021992978
8.370000000000001,1480.096101121061
8.38,1482.1635282591465
8.39,1484.2272983060636
8.4,1486.2874061696648
8.41,1488.3438467668386
8.42,1490.3966150235228
8.43,1492.445705874715
8.44,1494.4911142644876
8.45,1496.5328351459987
8.46,1498.570863481505
8.47,1500.6051942423744
8.48,1502.6358224090977
8.49,1504.662742971302
8.5,1506.6859509277617
8.51,1508.7054412864131
8.52,1510.7212090643638
8.53,1512.7332492879073
8.540000000000001,1514.741556992535
8.55,1516.7461272229468
8.56,1518.746955033065
8.57,1520.7440354860457
8.58,1522.7373636542916
8.59,1524.7269346194635
8.6,1526.7127434724928
8.61,1528.6947853135935
8.620000000000001,1530.6730552522747
8.63,1532.647548407352
8.64,1534.618259906959
8.65,1536.5851848885623
8.66,1538.548318498969
8.67,1540.5076558943422
8.68,1542.4631922402118
8.69,1544.4149227114865
8.700000000000001,1546.3628424924652
8.71,1548.3069467768496
8.72,1550.2472307677554
8.73,1552.1836896777245
8.74,1554.1163187287373
8.75,1556.0451131522243
8.76,1557.970068189076
8.77,1559.891179089658
8.78,1561.8084411138198
8.790000000000001,1563.7218495309078
8.8,1565.631399619777
8.81,1567.5370866688027
8.82,1569.438905975891
8.83,1571.3368528484923
8.84,1573.2309226036114
8.85,1575.1211105678185
8.86,1577.0074120772642
8.870000000000001,1578.889822477686
8.88,1580.7683371244236
8.89,1582.6429513824291
8.9,1584.513660626278
8.91,1586.3804602401808
8.92,1588.2433456179956
8.93,1590.1023121632375
8.94,1591.957355289092
8.950000000000001,1593.8084704184237
8.96,1595.6556529837903
8.97,1597.498898427453
8.98,1599.3382022013866
8.99,1601.1735597672919
9.0,1603.004966596606
9.01,1604.832418170515
9.02,1606.6559099799642
9.03,1608.4754375256684
9.040000000000001,1610.2909963181241
9.05,1612.1025818776209
9.06,1613.9101897342512
9.07,1615.7138154279226
9.08,1617.5134545083677
9.09,1619.309102535156
9.1,1621.1007550777047
9.11,1622.8884077152888
9.120000000000001,1624.6720560370536
9.13,1626.451695642024
9.14,1628.2273221391165
9.15,1629.9989311471486
9.16,1631.7665182948513
9.17,1633.5300792208793
9.18,1635.2896095738215
9.19,1637.0451050122113
9.200000000000001,1638.7965612045384
9.21,1640.543973829259
9.22,1642.2873385748055
9.23,1644.026651139599
9.24,1645.7619072320588
9.25,1647.4931025706128
9.26,1649.2202328837086
9.27,1650.9432939098242
9.28,1652.6622813974773
9.290000000000001,1654.3771911052374
9.3,1656.0880188017352
9.31,1657.7947602656734
9.32,1659.4974112858374
9.33,1661.1959676611045
9.34,1662.890425200456
9.35,1664.5807797229866
9.36,1666.2670270579144
9.370000000000001,1667.9491630445916
9.38,1669.6271835325147
9.39,1671.3010843813354
9.4,1672.9708614608692
9.41,1674.6365106511078
9.42,1676.2980278422267
9.43,1677.9554089345982
9.44,1679.6086498387988
9.450000000000001,1681.257746475621
9.46,1682.9026947760822
9.47,1684.5434906814367
9.48,1686.180130143183
9.49,1687.812609123077
9.5,1689.4409235931382
9.51,1691.0650695356628
9.52,1692.6850429432325
9.53,1694.3008398187233
9.540000000000001,1695.9124561753172
9.55,1697.5198880365115
9.56,1699.123131436127
9.57,1700.7221824183212
9.58,1702.3170370375938
9.59,1703.9076913587996
9.6,1705.4941414571576
9.61,1707.0763834182599
9.620000000000001,1708.6544133380812
9.63,1710.2282273229903
9.64,1711.7978214897573
9.65,1713.3631919655645
9.66,1714.924334888016
9.67,1716.4812464051465
9.68,1718.0339226754318
9.69,1719.582359867798
9.700000000000001,1721.1265541616297
9.71,1722.666501746781
9.72,1724.2021988235842
9.73,1725.7336416028604
9.74,1727.2608263059258
9.75,1728.7837491646042
9.76,1730.3024064212348
9.77,1731.8167943286817
9.78,1733.3269091503435
9.790000000000001,1734.832747160162
9.8,1736.3343046426314
9.81,1737.8315778928081
9.82,1739.324563216319
9.83,1740.8132569293712
9.84,1742.2976553587614
9.85,1743.7777548418835
9.86,1745.2535517267395
9.870000000000001,1746.725042371947
9.88,1748.1922231467493
9.89,1749.6550904310236
9.9,1751.1136406152903
9.91,1752.567870100722
9.92,1754.0177752991517
9.93,1755.4633526330826
9.94,1756.9045985356968
9.950000000000001,1758.3415094508625
9.96,1759.7740818331454
9.97,1761.202312147815
9.98,1762.6261968708557
9.99,1764.0457324889728
10.0,1765.4609154996035
10.01,1766.8717424109248
10.02,1768.278209741861
10.03,1769.6803140220943
10.040000000000001,1771.0780517920714
10.05,1772.4714196030136
10.06,1773.8604140169236
10.07,1775.2450316065965
10.08,1776.6252689556259
10.09,1778.001122658413
10.1,1779.372589320176
10.11,1780.739665556957
10.120000000000001,1782.1023479956316
10.13,1783.4606332739158
10.14,1784.814518040376
10.15,1786.1639989544362
10.16,1787.5090726863862
10.17,1788.8497359173905
10.18,1790.1859853394956
10.19,1791.517817655639
10.200000000000001,1792.8452295796571
10.21,1794.1682178362926
10.22,1795.4867791612035
10.23,1796.8009103009708
10.24,1798.1106080131071
10.25,1799.4158690660627
10.26,1800.7166902392357
10.27,1802.0130683229802
10.28,1803.305000118611
10.290000000000001,1804.5924824384153
10.3,1805.8755121056586
10.31,1807.1540859545926
10.32,1808.4282008304633
10.33,1809.6978535895187
10.34,1810.9630410990176
10.35,1812.223760237235
10.36,1813.4800078934716
10.370000000000001,1814.7317809680615
10.38,1815.979076372379
10.39,1817.221891028847
10.4,1818.4602218709433
10.41,1819.6940658432097
10.42,1820.9234199012596
10.43,1822.1482810117834
10.44,1823.3686461525583
10.450000000000001,1824.5845123124543
10.46,1825.7958764914429
10.47,1827.0027357006034
10.48,1828.2050869621305
10.49,1829.4029273093417
10.5,1830.5962537866858
10.51,1831.7850634497477
10.52,1832.9693533652578
10.53,1834.1491206110986
10.540000000000001,1835.3243622763118
10.55,1836.4950754611052
10.56,1837.6612572768606
10.57,1838.82290484614
10.58,1839.9800153026938
10.59,1841.132585791467
10.6,1842.2806134686061
10.61,1843.4240955014673
10.620000000000001,1844.5630290686222
10.63,1845.6974113598653
10.64,1846.8272395762212
10.65,1847.9525109299514
10.66,1849.0732226445605
10.67,1850.1893719548034
10.68,1851.3009561066929
10.69,1852.4079723575057
10.700000000000001,1853.5104179757893
10.71,1854.6082902413682
10.72,1855.7015864453524
10.73,1856.790303890142
10.74,1857.8744398894348
10.75,1858.953991768233
10.76,1860.0289568628496
10.77,1861.0993325209151
10.78,1862.165116101384
10.790000000000001,1863.2263049745413
10.8,1864.2828965220092
10.81,1865.3348881367526
10.82,1866.382277223087
10.83,1867.4250611966838
10.84,1868.4632374845776
10.85,1869.4968035251713
10.86,1870.5257567682436
10.870000000000001,1871.5500946749544
10.88,1872.5698147178516
10.89,1873.5849143808782
10.9,1874.5953911593756
10.91,1875.6012425600939
10.92,1876.6024661011938
10.93,1877.5990593122563
10.94,1878.5910197342866
10.950000000000001,1879.578344919721
10.96,1880.5610324324325
10.97,1881.5390798477376
10.98,1882.5124847524014
10.99,1883.481244744644
11.0,1884.4453574341471
11.01,1885.4048204420576
11.02,1886.359631400996
11.03,1887.3097879550617
11.040000000000001,1888.2552877598373
11.05,1889.1961284823963
11.06,1890.1323078013077
11.07,1891.063823406642
11.08,1891.9906729999775
11.09,1892.9128542944045
11.1,1893.8303650145324
11.11,1894.7432028964947
11.120000000000001,1895.6513656879545
11.13,1896.5548511481109
11.14,1897.453657047703
11.15,1898.3477811690168
11.16,1899.2372213058895
11.17,1900.1219752637164
11.18,1901.0020408594546
11.19,1901.8774159216302
11.200000000000001,1902.748098290342
11.21,1903.6140858172678
11.22,1904.4753763656697
11.23,1905.331967810399
11.24,1906.1838580379008
11.25,1907.0310449462213
11.26,1907.8735264450106
11.27,1908.7113004555297
11.28,1909.5443649106542
11.290000000000001,1910.3727177548801
11.3,1911.1963569443299
11.31,1912.0152804467552
11.32,1912.829486241544
11.33,1913.6389723197242
11.34,1914.4437366839693
11.35,1915.2437773486038
11.36,1916.039092339606
11.370000000000001,1916.8296796946156
11.38,1917.6155374629373
11.39,1918.3966637055444
11.4,1919.1730564950863
11.41,1919.9447139158908
11.42,1920.7116340639695
11.43,1921.4738150470237
11.44,1922.2312549844473
11.450000000000001,1922.9839520073326
11.46,1923.7319042584743
11.47,1924.475109892375
11.48,1925.2135670752484
11.49,1925.947273985025
11.5,1926.6762288113557
11.51,1927.400429755617
11.52,1928.1198750309154
11.53,1928.8345628620907
11.540000000000001,1929.5444914857217
11.55,1930.2496591501304
11.56,1930.950064115386
11.57,1931.645704653308
11.58,1932.3365790474732
11.59,1933.0226855932176
11.6,1933.7040225976416
11.61,1934.380588379613
11.620000000000001,1935.052381269774
11.63,1935.7193996105423
11.64,1936.3816417561159
11.65,1937.039106072479
11.66,1937.6917909374029
11.67,1938.339694740453
11.68,1938.9828158829912
11.69,1939.6211527781795
11.700000000000001,1940.2547038509854
11.71,1940.8834675381845
11.72,1941.5074422883652
11.73,1942.1266265619315
11.74,1942.741018831108
11.75,1943.3506175799425
11.76,1943.9554213043111
11.77,1944.5554285119206
11.78,1945.1506377223122
11.790000000000001,1945.7410474668675
11.8,1946.3266562888086
11.81,1946.9074627432037
11.82,1947.483465396971
11.83,1948.054662828881
11.84,1948.6210536295612
11.85,1949.1826364014978
11.86,1949.7394097590416
11.870000000000001,1950.2913723284096
11.88,1950.8385227476895
11.89,1951.3808596668414
11.9,1951.9183817477033
11.91,1952.4510876639927
11.92,1952.9789761013105
11.93,1953.502045757145
11.94,1954.0202953408734
11.950000000000001,1954.5337235737666
11.96,1955.042329188991
11.97,1955.5461109316134
11.98,1956.045067558602
11.99,1956.5391978388313
12.0,1957.0285005530836
12.01,1957.5129744940534
12.02,1957.9926184663493
12.030000000000001,1958.4674312864975
12.040000000000001,1958.937411782944
12.05,1959.4025587960593
12.06,1959.8628711781396
12.07,1960.3183477934092
12.08,1960.7689875180251
12.09,1961.2147892400787
12.1,1961.6557518595985
12.11,1962.091874288553
12.120000000000001,1962.5231554508534
12.13,1962.9495942823564
12.14,1963.3711897308665
12.15,1963.787940756139
12.16,1964.1998463298821
12.17,1964.6069054357597
12.18,1965.009117069394
12.19,1965.4064802383677
12.200000000000001,1965.7989939622266
12.21,1966.1866572724823
12.22,1966.569469212614
12.23,1966.9474288380713
12.24,1967.3205352162763
12.25,1967.6887874266267
12.26,1968.052184560496
12.27,1968.4107257212381
12.280000000000001,1968.7644100241885
12.290000000000001,1969.1132365966662
12.3,1969.4572045779764
12.31,1969.7963131194124
12.32,1970.1305613842574
12.33,1970.4599485477872
12.34,1970.7844737972714
12.35,1971.1041363319762
12.36,1971.4189353631666
12.370000000000001,1971.7288701141067
12.38,1972.0339398200638
12.39,1972.3341437283086
12.4,1972.6294810981176
12.41,1972.9199512007754
12.42,1973.2055533195755
12.43,1973.4862867498234
12.44,1973.7621507988376
12.450000000000001,1974.0331447859505
12.46,1974.2992680425114
12.47,1974.5605199118877
12.48,1974.816899749466
12.49,1975.0684069226554
12.5,1975.3150408108866
12.51,1975.5568008056146
12.52,1975.793686310321
12.530000000000001,1976.0256967405141
12.540000000000001,1976.2528315237316
12.55,1976.4750900995407
12.56,1976.6924719195406
12.57,1976.9049764473632
12.58,1977.1126031586748
12.59,1977.315351541177
12.6,1977.5132210946085
12.61,1977.7062113307456
12.620000000000001,1977.8943217734045
12.63,1978.0775519584408
12.64,1978.2559014337526
12.65,1978.42936975928
12.66,1978.5979565070077
12.67,1978.7616612609645
12.68,1978.9204836172248
12.69,1979.0744231839103
12.700000000000001,1979.2234795811908
12.71,1979.3676524412842
12.72,1979.5069414084585
12.73,1979.6413461390316
12.74,1979.7708663013734
12.75,1979.895501575906
12.76,1980.0152516551043
12.77,1980.1301162434963
12.780000000000001,1980.2400950576653
12.790000000000001,1980.3451878262497
12.8,1980.4453942899436
12.81,1980.5407142014972
12.82,1980.6311473257183
12.83,1980.716693439472
12.84,1980.7973523316819
12.85,1980.8731238033301
12.86,1980.9440076674582
12.870000000000001,1981.0100037491675
12.88,1981.0711118856186
12.89,1981.1273319260338
12.9,1981.1786637316955
12.91,1981.2251071759474
12.92,1981.2666621441954
12.93,1981.303328533906
12.94,1981.3351062546094
12.950000000000001,1981.3619952278968
12.96,1981.3839953874224
12.97,1981.4011066789028
12.98,1981.4133290601178
12.99,1981.4206625009099
13.0,1981.4231069831842
13.01,1981.4206625009097
13.02,1981.4133290601178
13.030000000000001,1981.4011066789028
13.040000000000001,1981.3839953874226
13.05,1981.361995227897
13.06,1981.3351062546099
13.07,1981.3033285339066
13.08,1981.2666621441954
13.09,1981.2251071759472
13.1,1981.1786637316952
13.11,1981.1273319260338
13.120000000000001,1981.0711118856184
13.13,1981.0100037491673
13.14,1980.9440076674582
13.15,1980.8731238033301
13.16,1980.7973523316819
13.17,1980.7166934394718
13.18,1980.6311473257178
13.19,1980.5407142014967
13.200000000000001,1980.4453942899431
13.21,1980.3451878262495
13.22,1980.240095057665
13.23,1980.1301162434959
13.24,1980.0152516551038
13.25,1979.8955015759059
13.26,1979.7708663013732
13.27,1979.6413461390316
13.280000000000001,1979.5069414084585
13.290000000000001,1979.367652441284
13.3,1979.2234795811905
13.31,1979.0744231839103
13.32,1978.9204836172248
13.33,1978.7616612609645
13.34,1978.597956507008
13.35,1978.4293697592802
13.36,1978.2559014337528
13.370000000000001,1978.077551958441
13.38,1977.8943217734045
13.39,1977.7062113307456
13.4,1977.5132210946083
13.41,1977.3153515411768
13.42,1977.1126031586746
13.43,1976.9049764473632
13.44,1976.6924719195404
13.450000000000001,1976.4750900995405
13.46,1976.2528315237312
13.47,1976.025696740514
13.48,1975.7936863103207
13.49,1975.5568008056143
13.5,1975.315040810886
13.51,1975.0684069226552
13.52,1974.8168997494658
13.530000000000001,1974.5605199118872
13.540000000000001,1974.299268042511
13.55,1974.0331447859503
13.56,1973.7621507988376
13.57,1973.4862867498236
13.58,1973.2055533195755
13.59,1972.9199512007754
13.6,1972.6294810981178
13.61,1972.3341437283086
13.620000000000001,1972.033939820064
13.63,1971.728870114107
13.64,1971.4189353631668
13.65,1971.1041363319764
13.66,1970.7844737972714
13.67,1970.4599485477872
13.68,1970.1305613842576
13.69,1969.7963131194124
13.700000000000001,1969.4572045779764
13.71,1969.1132365966662
13.72,1968.7644100241885
13.73,1968.4107257212381
13.74,1968.052184560496
13.75,1967.6887874266267
13.76,1967.3205352162765
13.77,1966.9474288380711
13.780000000000001,1966.5694692126137
13.790000000000001,1966.186657272482
13.8,1965.7989939622264
13.81,1965.4064802383673
13.82,1965.0091170693938
13.83,1964.6069054357592
13.84,1964.1998463298817
13.85,1963.7879407561386
13.86,1963.371189730866
13.870000000000001,1962.9495942823557
13.88,1962.5231554508528
13.89,1962.0918742885522
13.9,1961.6557518595978
13.91,1961.214789240078
13.92,1960.7689875180245
13.93,1960.3183477934085
13.94,1959.8628711781387
13.950000000000001,1959.4025587960587
13.96,1958.9374117829434
13.97,1958.467431286497
13.98,1957.9926184663489
13.99,1957.512974494053
14.0,1957.0285005530832
14.01,1956.5391978388311
14.02,1956.0450675586019
14.030000000000001,1955.5461109316132
14.040000000000001,1955.0423291889908
14.05,1954.5337235737663
14.06,1954.0202953408732
14.07,1953.502045757145
14.08,1952.9789761013105
14.09,1952.4510876639927
14.1,1951.9183817477033
14.11,1951.3808596668414
14.120000000000001,1950.8385227476895
14.13,1950.2913723284098
14.14,1949.7394097590413
14.15,1949.1826364014973
14.16,1948.6210536295607
14.17,1948.054662828881
14.18,1947.483465396971
14.19,1946.9074627432037
14.200000000000001,1946.3266562888086
14.21,1945.7410474668675
14.22,1945.1506377223125
14.23,1944.5554285119204
14.24,1943.9554213043111
14.25,1943.3506175799428
14.26,1942.741018831108
14.27,1942.1266265619315
14.280000000000001,1941.5074422883654
14.290000000000001,1940.8834675381847
14.3,1940.2547038509856
14.31,1939.6211527781797
14.32,1938.9828158829912
14.33,1938.339694740453
14.34,1937.691790937403
14.35,1937.0391060724792
14.36,1936.3816417561163
14.370000000000001,1935.7193996105423
14.38,1935.052381269774
14.39,1934.380588379613
14.4,1933.7040225976411
14.41,1933.0226855932174
14.42,1932.3365790474732
14.43,1931.645704653308
14.44,1930.9500641153859
14.450000000000001,1930.2496591501306
14.46,1929.5444914857217
14.47,1928.8345628620905
14.48,1928.1198750309152
14.49,1927.400429755617
14.5,1926.676228811356
14.51,1925.9472739850253
14.52,1925.2135670752486
14.530000000000001,1924.4751098923753
14.540000000000001,1923.7319042584747
14.55,1922.9839520073328
14.56,1922.2312549844476
14.57,1921.473815047024
14.58,1920.7116340639698
14.59,1919.9447139158908
14.6,1919.1730564950865
14.61,1918.3966637055448
14.620000000000001,1917.6155374629373
14.63,1916.8296796946156
14.64,1916.0390923396058
14.65,1915.2437773486033
14.66,1914.4437366839693
14.67,1913.638972319724
14.68,1912.829486241544
14.69,1912.0152804467552
14.700000000000001,1911.1963569443296
14.71,1910.37271775488
14.72,1909.5443649106537
14.73,1908.7113004555292
14.74,1907.8735264450102
14.75,1907.0310449462208
14.76,1906.1838580379003
14.77,1905.3319678103985
14.780000000000001,1904.4753763656695
14.790000000000001,1903.6140858172676
14.8,1902.7480982903417
14.81,1901.8774159216298
14.82,1901.0020408594542
14.83,1900.1219752637157
14.84,1899.2372213058889
14.85,1898.3477811690163
14.86,1897.4536570477026
14.870000000000001,1896.5548511481106
14.88,1895.6513656879542
14.89,1894.7432028964943
14.9,1893.8303650145322
14.91,1892.9128542944043
14.92,1891.9906729999773
14.93,1891.0638234066419
14.94,1890.1323078013077
14.950000000000001,1889.1961284823958
14.96,1888.2552877598366
14.97,1887.3097879550612
14.98,1886.3596314009958
14.99,1885.4048204420571
15.0,1884.445357434147
15.01,1883.4812447446443
15.02,1882.5124847524014
15.030000000000001,1881.5390798477374
15.040000000000001,1880.5610324324323
15.05,1879.5783449197208
15.06,1878.5910197342866
15.07,1877.5990593122565
15.08,1876.602466101194
15.09,1875.601242560094
15.1,1874.5953911593763
15.11,1873.5849143808784
15.120000000000001,1872.569814717852
15.13,1871.5500946749546
15.14,1870.5257567682438
15.15,1869.4968035251716
15.16,1868.4632374845778
15.17,1867.425061196684
15.18,1866.382277223087
15.19,1865.3348881367526
15.200000000000001,1864.282896522009
15.21,1863.2263049745413
15.22,1862.165116101384
15.23,1861.0993325209147
15.24,1860.0289568628493
15.25,1858.9539917682325
15.26,1857.8744398894346
15.27,1856.790303890142
15.280000000000001,1855.7015864453524
15.290000000000001,1854.6082902413686
15.3,1853.5104179757893
15.31,1852.407972357506
15.32,1851.300956106693
15.33,1850.1893719548036
15.34,1849.0732226445605
15.35,1847.9525109299514
15.36,1846.8272395762212
15.370000000000001,1845.697411359865
15.38,1844.563029068622
15.39,1843.424095501467
15.4,1842.280613468606
15.41,1841.1325857914667
15.42,1839.9800153026936
15.43,1838.8229048461399
15.44,1837.6612572768606
15.450000000000001,1836.4950754611052
15.46,1835.3243622763116
15.47,1834.1491206110986
15.48,1832.969353365258
15.49,1831.7850634497477
15.5,1830.596253786686
15.51,1829.402927309342
15.52,1828.2050869621305
15.530000000000001,1827.0027357006034
15.540000000000001,1825.7958764914429
15.55,1824.5845123124543
15.56,1823.368646152558
15.57,1822.1482810117832
15.58,1820.9234199012594
15.59,1819.6940658432097
15.6,1818.460221870943
15.610000000000001,1817.2218910288468
15.620000000000001,1815.979076372379
15.63,1814.7317809680612
15.64,1813.4800078934716
15.65,1812.2237602372352
15.66,1810.9630410990178
15.67,1809.697853589519
15.68,1808.4282008304633
15.69,1807.1540859545928
15.700000000000001,1805.875512105659
15.71,1804.5924824384158
15.72,1803.3050001186111
15.73,1802.0130683229804
15.74,1800.7166902392364
15.75,1799.415869066063
15.76,1798.1106080131074
15.77,1796.8009103009715
15.780000000000001,1795.4867791612037
15.790000000000001,1794.1682178362928
15.8,1792.8452295796574
15.81,1791.5178176556394
15.82,1790.185985339496
15.83,1788.8497359173907
15.84,1787.5090726863866
15.85,1786.1639989544362
15.860000000000001,1784.8145180403762
15.870000000000001,1783.4606332739156
15.88,1782.1023479956314
15.89,1780.7396655569569
15.9,1779.3725893201758
15.91,1778.001122658413
15.92,1776.6252689556256
15.93,1775.2450316065963
15.94,1773.8604140169232
15.950000000000001,1772.4714196030131
15.96,1771.078051792071
15.97,1769.6803140220939
15.98,1768.2782097418608
15.99,1766.8717424109245
16.0,1765.4609154996033
16.01,1764.0457324889724
16.02,1762.6261968708552
16.03,1761.2023121478148
16.04,1759.7740818331451
16.05,1758.3415094508625
16.06,1756.9045985356966
16.07,1755.4633526330829
16.080000000000002,1754.0177752991522
16.09,1752.5678701007223
16.1,1751.1136406152907
16.11,1749.6550904310238
16.12,1748.1922231467495
16.13,1746.7250423719472
16.14,1745.2535517267397
16.15,1743.7777548418835
16.16,1742.2976553587612
16.17,1740.8132569293712
16.18,1739.324563216319
16.19,1737.831577892808
16.2,1736.3343046426312
16.21,1734.8327471601615
16.22,1733.3269091503432
16.23,1731.8167943286812
16.240000000000002,1730.302406421234
16.25,1728.7837491646035
16.26,1727.2608263059253
16.27,1725.7336416028604
16.28,1724.2021988235845
16.29,1722.6665017467808
16.3,1721.1265541616294
16.31,1719.5823598677978
16.32,1718.033922675432
16.330000000000002,1716.4812464051465
16.34,1714.9243348880157
16.35,1713.3631919655645
16.36,1711.7978214897576
16.37,1710.2282273229907
16.38,1708.6544133380817
16.39,1707.07638341826
16.4,1705.4941414571579
16.41,1703.9076913587996
16.42,1702.3170370375935
16.43,1700.7221824183212
16.44,1699.1231314361276
16.45,1697.5198880365115
16.46,1695.9124561753174
16.47,1694.3008398187233
16.48,1692.6850429432322
16.490000000000002,1691.0650695356628
16.5,1689.440923593138
16.51,1687.8126091230768
16.52,1686.180130143183
16.53,1684.5434906814362
16.54,1682.902694776082
16.55,1681.2577464756203
16.56,1679.6086498387986
16.57,1677.9554089345982
16.580000000000002,1676.298027842227
16.59,1674.6365106511078
16.6,1672.9708614608692
16.61,1671.3010843813352
16.62,1669.6271835325147
16.63,1667.9491630445914
16.64,1666.2670270579144
16.65,1664.5807797229868
16.66,1662.890425200456
16.67,1661.1959676611045
16.68,1659.4974112858374
16.69,1657.7947602656736
16.7,1656.0880188017352
16.71,1654.3771911052374
16.72,1652.6622813974773
16.73,1650.9432939098242
16.740000000000002,1649.2202328837086
16.75,1647.4931025706128
16.76,1645.7619072320588
16.77,1644.026651139599
16.78,1642.2873385748053
16.79,1640.5439738292587
16.8,1638.7965612045384
16.81,1637.0451050122115
16.82,1635.2896095738215
16.830000000000002,1633.530079220879
16.84,1631.766518294851
16.85,1629.9989311471481
16.86,1628.227322139116
16.87,1626.4516956420239
16.88,1624.6720560370534
16.89,1622.8884077152886
16.9,1621.1007550777047
16.91,1619.309102535156
16.92,1617.5134545083677
16.93,1615.7138154279226
16.94,1613.9101897342514
16.95,1612.1025818776209
16.96,1610.2909963181244
16.97,1608.4754375256684
16.98,1606.655909979964
16.990000000000002,1604.832418170515
17.0,1603.0049665966058
17.01,1601.1735597672916
17.02,1599.3382022013866
17.03,1597.4988984274528
17.04,1595.65565298379
17.05,1593.808470418423
17.06,1591.9573552890913
17.07,1590.1023121632372
17.080000000000002,1588.2433456179951
17.09,1586.3804602401804
17.1,1584.5136606262772
17.11,1582.6429513824285
17.12,1580.7683371244232
17.13,1578.8898224776858
17.14,1577.007412077264
17.150000000000002,1575.1211105678185
17.16,1573.230922603611
17.17,1571.336852848492
17.18,1569.4389059758907
17.19,1567.5370866688022
17.2,1565.6313996197766
17.21,1563.7218495309075
17.22,1561.8084411138195
17.23,1559.8911790896577
17.240000000000002,1557.970068189076
17.25,1556.045113152224
17.26,1554.1163187287375
17.27,1552.1836896777245
17.28,1550.2472307677551
17.29,1548.3069467768494
17.3,1546.3628424924652
17.31,1544.4149227114867
17.32,1542.4631922402123
17.330000000000002,1540.5076558943426
17.34,1538.548318498969
17.35,1536.5851848885623
17.36,1534.6182599069593
17.37,1532.647548407352
17.38,1530.6730552522747
17.39,1528.6947853135937
17.400000000000002,1526.7127434724928
17.41,1524.7269346194632
17.42,1522.7373636542914
17.43,1520.7440354860455
17.44,1518.7469550330648
17.45,1516.7461272229466
17.46,1514.741556992535
17.47,1512.7332492879075
17.48,1510.7212090643638
17.490000000000002,1508.705441286413
17.5,1506.6859509277617
17.51,1504.6627429713014
17.52,1502.6358224090973
17.53,1500.605194242374
17.54,1498.5708634815048
17.55,1496.5328351459984
17.56,1494.4911142644874
17.57,1492.4457058747148
17.580000000000002,1490.3966150235226
17.59,1488.3438467668386
17.6,1486.2874061696646
17.61,1484.2272983060634
17.62,1482.1635282591465
17.63,1480.096101121061
17.64,1478.025021992978
17.650000000000002,1475.9502959850795
17.66,1473.8719282165455
17.67,1471.7899238155417
17.68,1469.7042879192072
17.69,1467.6150256736416
17.7,1465.5221422338911
17.71,1463.425642763938
17.72,1461.3255324366864
17.73,1459.2218164339497
17.740000000000002,1457.1144999464375
17.75,1455.0035881737447
17.76,1452.8890863243353
17.77,1450.770999615533
17.78,1448.6493332735058
17.79,1446.5240925332548
17.8,1444.3952826386003
17.81,1442.262908842169
17.82,1440.1269764053816
17.830000000000002,1437.9874905984382
17.84,1435.844456700308
17.85,1433.6978799987141
17.86,1431.547765790121
17.87,1429.3941193797216
17.88,1427.2369460814248
17.89,1425.076251217841
17.900000000000002,1422.9120401202697
17.91,1420.744318128687
17.92,1418.5730905917312
17.93,1416.3983628666906
17.94,1414.2201403194895
17.95,1412.0384283246758
17.96,1409.8532322654066
17.97,1407.6645575334362
17.98,1405.472409529102
17.990000000000002,1403.2767936613113
18.0,1401.0777153475278
18.01,1398.8751800137586
18.02,1396.6691930945408
18.03,1394.459760032928
18.04,1392.2468862804762
18.05,1390.0305772972317
18.06,1387.8108385517169
18.07,1385.5876755209163
18.080000000000002,1383.3610936902635
18.09,1381.1310985536275
18.1,1378.8976956133004
18.11,1376.6608903799813
18.12,1374.4206883727652
18.13,1372.1770951191272
18.14,1369.9301161549117
18.150000000000002,1367.679757024315
18.16,1365.426023279875
18.17,1363.1689204824554
18.18,1360.908454201233
18.19,1358.644630013684
18.2,1356.3774535055695
18.21,1354.1069302709216
18.22,1351.8330659120313
18.23,1349.5558660394324
18.240000000000002,1347.2753362718895
18.25,1344.9914822363833
18.26,1342.704309568096
18.27,1340.4138239103995
18.28,1338.120030914839
18.29,1335.8229362411205
18.3,1333.5225455570974
18.31,1331.2188645387544
18.32,1328.911898870196
18.330000000000002,1326.60165424363
18.34,1324.288136359356
18.35,1321.9713509257492
18.36,1319.6513036592473
18.37,1317.3280002843362
18.38,1315.0014465335362
18.39,1312.671648147387
18.400000000000002,1310.338610874435
18.41,1308.0023404712176
18.42,1305.66284270225
18.43,1303.32012334001
18.44,1300.9741881649247
18.45,1298.6250429653564
18.46,1296.2726935375872
18.47,1293.9171456858048
18.48,1291.5584052220904
18.490000000000002,1289.196477966401
18.5,1286.8313697465578
18.51,1284.4630863982293
18.52,1282.09163376492
18.53,1279.7170176979535
18.54,1277.3392440564585
18.55,1274.9583187073554
18.56,1272.5742475253408
18.57,1270.1870363928733
18.580000000000002,1267.7966912001593
18.59,1265.4032178451373
18.6,1263.0066222334658
18.61,1260.6069102785054
18.62,1258.2040879013073
18.63,1255.7981610305965
18.64,1253.3891356027586
18.650000000000002,1250.9770175618244
18.66,1248.5618128594554
18.67,1246.1435274549287
18.68,1243.722167315124
18.69,1241.2977384145063
18.7,1238.8702467351125
18.71,1236.439698266537
18.72,1234.0060990059171
18.73,1231.5694549579168
18.740000000000002,1229.1297721347132
18.75,1226.6870565559811
18.76,1224.2413142488783
18.77,1221.7925512480308
18.78,1219.340773595518
18.79,1216.8859873408574
18.8,1214.4281985409898
18.81,1211.9674132602654
18.82,1209.5036375704267
18.830000000000002,1207.0368775505956
18.84,1204.567139287257
18.85,1202.094428874245
18.86,1199.6187524127263
18.87,1197.1401160111866
18.88,1194.6585257854147
18.89,1192.1739878584876
18.900000000000002,1189.6865083607568
18.91,1187.1960934298295
18.92,1184.7027492105572
18.93,1182.2064818550189
18.94,1179.7072975225065
18.95,1177.2052023795088
18.96,1174.700202599697
18.97,1172.1923043639083
18.98,1169.6815138601332
18.990000000000002,1167.1678372834972
19.0,1164.6512808362472
19.01,1162.1318507277365
19.02,1159.6095531744081
19.03,1157.0843943997806
19.04,1154.5563806344323
19.05,1152.025518115986
19.06,1149.4918130890933
19.07,1146.9552718054192
19.080000000000002,1144.4159005236272
19.09,1141.8737055093638
19.1,1139.3286930352424
19.11,1136.7808693808286
19.12,1134.2302408326232
19.13,1131.6768136840492
19.14,1129.1205942354338
19.150000000000002,1126.5615887939948
19.16,1123.9998036738239
19.17,1121.4352451958707
19.18,1118.8679196879286
19.19,1116.2978334846182
19.2,1113.7249929273717
19.21,1111.1494043644168
19.22,1108.571074150763
19.23,1105.9900086481837
19.240000000000002,1103.4062142252012
19.25,1100.8196972570715
19.26,1098.2304641257679
19.27,1095.6385212199664
19.28,1093.0438749350276
19.29,1090.4465316729838
19.3,1087.8464978425213
19.31,1085.243779858965
19.32,1082.6383841442628
19.330000000000002,1080.030317126969
19.34,1077.419585242231
19.35,1074.8061949317694
19.36,1072.190152643865
19.37,1069.5714648333424
19.38,1066.950137961553
19.39,1064.326178496361
19.400000000000002,1061.699592912125
19.41,1059.070387689684
19.42,1056.43856931634
19.43,1053.8041442858437
19.44,1051.1671190983773
19.45,1048.527500260538
19.46,1045.8852942853227
19.47,1043.2405076921125
19.48,1040.5931470066546
19.490000000000002,1037.943218761049
19.5,1035.29072949373
19.51,1032.6356857494509
19.52,1029.9780940792687
19.53,1027.3179610405264
19.54,1024.6552931968379
19.55,1021.9900971180713
19.56,1019.3223793803331
19.57,1016.652146565952
19.580000000000002,1013.9794052634614
19.59,1011.3041620675851
19.6,1008.6264235792197
19.61,1005.9461964054186
19.62,1003.263487159376
19.63,1000.5783024604104
19.64,997.890648933948
19.650000000000002,995.2005332115068
19.66,992.5079619306798
19.67,989.8129417351189
19.68,987.1154792745189
19.69,984.4155812046
19.7,981.7132541870922
19.71,979.008504889719
19.72,976.3013399861804
19.73,973.5917661561367
19.740000000000002,970.8797900851919
19.75,968.1654184648771
19.76,965.4486579926349
19.77,962.7295153718018
19.78,960.0079973115915
19.79,957.2841105270793
19.8,954.5578617391852
19.81,951.829257674657
19.82,949.0983050660542
19.830000000000002,946.3650106517306
19.84,943.6293811758186
19.85,940.8914233882119
19.86,938.1511440445493
19.87,935.4085499061977
19.88,932.6636477402354
19.89,929.9164443194356
19.900000000000002,927.1669464222497
19.91,924.4151608327903
19.92,921.6610943408151
19.93,918.9047537417093
19.94,916.1461458364693
19.95,913.3852774316857
19.96,910.622155339527
19.97,907.8567863777224
19.98,905.0891773695448
19.990000000000002,902.3193351437943
20.0,899.5472665347812
20.01,896.7729783823092
20.02,893.9964775316588
20.03,891.2177708335696
20.04,888.436865144224
20.05,885.6537673252309
20.06,882.868484243607
20.07,880.0810227717617
20.080000000000002,877.2913897874788
20.09,874.4995921739006
20.1,871.7056368195101
20.11,868.9095306181146
20.12,866.111280468828
20.13,863.3108932760545
20.14,860.508375949471
20.150000000000002,857.7037354040103
20.16,854.8969785598445
20.17,852.0881123423668
20.18,849.2771436821755
20.19,846.4640795150564
20.2,843.6489267819654
20.21,840.8316924290124
20.22,838.0123834074428
20.23,835.1910066736216
20.240000000000002,832.3675691890153
20.25,829.5420779201752
20.26,826.7145398387203
20.27,823.8849619213196
20.28,821.0533511496752
20.29,818.2197145105055
20.3,815.384058995527
20.31,812.5463916014378
20.32,809.7067193299002
20.330000000000002,806.8650491875233
20.34,804.0213881858454
20.35,801.1757433413178
20.36,798.328121675286
20.37,795.4785302139734
20.38,792.6269759884638
20.39,789.7734660346835
20.400000000000002,786.9180073933848
20.41,784.0606071101282
20.42,781.2012722352646
20.43,778.3400098239188
20.44,775.4768269359712
20.45,772.611730636041
20.46,769.7447279934686
20.47,766.8758260822979
20.48,764.0050319812592
20.490000000000002,761.1323527737514
20.5,758.2577955478254
20.51,755.3813673961648
20.52,752.5030754160705
20.53,749.6229267094418
20.54,746.7409283827591
20.55,743.8570875470671
20.56,740.9714113179562
20.57,738.0839068155456
20.580000000000002,735.1945811644656
20.59,732.3034414938404
20.6,729.4104949372693
20.61,726.5157486328105
20.62,723.6192097229629
20.63,720.720885354648
20.64,717.8207826791933
20.650000000000002,714.9189088523137
20.66,712.0152710340946
20.67,709.1098763889735
20.68,706.202732085723
20.69,703.2938452974327
20.7,700.3832232014913
20.71,697.4708729795699
20.72,694.5568018176028
20.73,691.6410169057712
20.740000000000002,688.7235254384842
20.75,685.8043346143622
20.76,682.8834516362185
20.77,679.9608837110412
20.78,677.0366380499764
20.79,674.1107218683093
20.8,671.1831423854475
20.81,668.253906824902
20.82,665.3230224142707
20.830000000000002,662.3904963852194
20.84,659.4563359734645
20.85,656.5205484187552
20.86,653.5831409648554
20.87,650.6441208595262
20.88,647.7034953545074
20.89,644.7612717054999
20.900000000000002,641.8174571721484
20.91,638.8720590180227
20.92,635.9250845105995
20.93,632.9765409212459
20.94,630.0264355252
20.95,627.0747756015534
20.96,624.1215684332336
20.97,621.1668213069859
20.98,618.210541513355
20.990000000000002,615.2527363466673
21.0,612.2934131050132
21.01,609.3325790902286
21.02,606.3702416078771
21.03,603.4064079672319
21.04,600.4410854812579
21.05,597.4742814665935
21.06,594.5060032435329
21.07,591.5362581360072
21.080000000000002,588.5650534715675
21.09,585.5923965813658
21.1,582.6182948001376
21.11,579.6427554661833
21.12,576.6657859213506
21.13,573.6873935110158
21.14,570.707585584066
21.150000000000002,567.7263694928812
21.16,564.7437525933155
21.17,561.75974224468
21.18,558.7743458097234
21.19,555.7875706546145
21.2,552.7994241489243
21.21,549.8099136656073
21.22,546.8190465809832
21.23,543.8268302747194
21.240000000000002,540.8332721298123
21.25,537.8383795325686
21.26,534.8421598725884
21.27,531.8446205427458
21.28,528.8457689391712
21.29,525.8456124612327
21.3,522.8441585115181
21.31,519.8414144958169
21.32,516.8373878231014
21.330000000000002,513.8320859055084
21.34,510.82551615832233
21.35,507.8176859999546
21.36,504.8086028519275
21.37,501.7982741388543
21.38,498.786707288422
21.39,495.7739097313723
21.400000000000002,492.7598889014839
21.41,489.7446522355535
21.42,486.72820717337765
21.43,483.71056115773484
21.44,480.6917216343667
21.45,477.67169605195954
21.46,474.6504918621262
21.47,471.62811651938796
21.48,468.6045774811553
21.490000000000002,465.5798822077103
21.5,462.5540381621879
21.51,459.537489991161
21.52,456.53024513766235
21.53,453.53231102176966
21.54,450.5436950405874
21.55,447.56440456822844
21.56,444.5944469557957
21.57,441.6338295313645
21.580000000000002,438.68255959996395
21.59,435.7406444435593
21.6,432.80809132103366
21.61,429.8849074681705
21.62,426.97110009763526
21.63,424.06667639895795
21.64,421.1716435385154
21.650000000000002,418.2860086595134
21.66,415.40977888196915
21.67,412.54296130269364
21.68,409.6855629952744
21.69,406.83759101005757
21.7,403.999052374131
21.71,401.16995409130664
21.72,398.35030314210314
21.73,395.54010648372906
21.740000000000002,392.7393710500652
21.75,389.94810375164786
21.76,387.1663114756517
21.77,384.3940010858725
21.78,381.63117942271066
21.79,378.877853303154
21.8,376.1340295207609
21.81,373.3997148456439
21.82,370.6749160244526
21.830000000000002,367.9596397803573
21.84,365.25389281303205
21.85,362.5576817986387
21.86,359.8710133898099
21.87,357.1938942156327
21.88,354.5263308816327
21.89,351.86832996975716
21.900000000000002,349.21989803835913
21.91,346.58104162218126
21.92,343.9517672323392
21.93,341.3320813563063
21.94,338.721990457897
21.95,336.1215009772512
21.96,333.530619330818
21.97,330.9493519113405
21.98,328.37770508783933
21.990000000000002,325.8156852055975
22.0,323.26329858614434
22.01,320.7205515272401
22.02,318.1874503028604
22.03,315.6640011631806
22.04,313.1502103345608
22.05,310.64608401952984
22.06,308.15162839677043
22.07,305.666849621104
22.080000000000002,303.1917538234751
22.09,300.72634711093656
22.1,298.2706355666344
22.11,295.82462524979263
22.12,293.3883221956987
22.13,290.9617324156882
22.14,288.5448618971301
22.150000000000002,286.1377166034122
22.16,283.74030247392614
22.17,281.35262542405314
22.18,278.9746913451488
22.19,276.6065061045292
22.2,274.248075545456
22.21,271.89940548712207
22.22,269.56050172463733
22.23,267.23137002901433
22.240000000000002,264.912016147154
22.25,262.60244580183155
22.26,260.302664691682
22.27,258.01267849118693
22.28,255.73249285065947
22.29,253.462113396231
22.3,251.20154572983716
22.31,248.950795429204
22.32,246.7098680478341
22.330000000000002,244.47876911499304
22.34,242.25750413569563
22.35,240.0460785906924
22.36,237.84449793645604
22.37,235.65276760516798
22.38,233.47089300470492
22.39,231.29887951862557
22.400000000000002,229.13673250615727
22.41,226.98445730218288
22.42,224.84205921722747
22.43,222.70954353744534
22.44,220.58691552460695
22.45,218.47418041608594
22.46,216.37134342484617
22.47,214.27840973942887
22.48,212.19538452393985
22.490000000000002,210.12227291803677
22.5,208.0590800369164
22.51,206.00581097130214
22.52,203.96247078743127
22.53,201.92906452704256
22.54,199.90559720736383
22.55,197.89207382109956
22.56,195.88849933641853
22.57,193.8948786969416
22.580000000000002,191.91121682172957
22.59,189.93751860527087
22.6,187.97378891746965
22.61,186.02003260363372
22.62,184.0762544844626
22.63,182.14245935603554
22.64,180.2186519897998
22.650000000000002,178.30483713255882
22.66,176.4010195064605
22.67,174.5072038089856
22.68,172.62339471293603
22.69,170.74959686642353
22.7,168.88581489285804
22.71,167.03205339093626
22.72,165.18831693463042
22.73,163.35461007317696
22.740000000000002,161.53093733106527
22.75,159.71730320802658
22.76,157.91371217902275
22.77,156.12016869423542
22.78,154.3366771790548
22.79,152.56324203406888
22.8,150.79986763505266
22.81,149.04655833295718
22.82,147.30331845389878
22.830000000000002,145.57015229914867
22.84,143.84706414512195
22.85,142.1340582433674
22.86,140.43113882055678
22.87,138.7383100784745
22.88,137.05557619400722
22.89,135.3829413191335
22.900000000000002,133.72040958091358
22.91,132.06798508147932
22.92,130.42567189802392
22.93,128.79347408279187
22.94,127.17139566306899
22.95,125.5594406411726
22.96,123.95761299444145
22.97,122.36591667522602
22.98,120.78435561087876
22.990000000000002,119.21293370374437
23.0,117.65165483115021
23.01,116.1005228453967
23.02,114.5595415737478
23.03,113.0287148184216
23.04,111.50804635658098
23.05,109.99753994032419
23.06,108.49719929667566
23.07,107.00702812757679
23.080000000000002,105.52703010987679
23.09,104.05720889532365
23.1,102.59756811055512
23.11,101.14811135708972
23.12,99.70884221131791
23.13,98.27976422449323
23.14,96.86088092272357
23.150000000000002,95.45219580696241
23.16,94.05371235300024
23.17,92.66543401145597
23.18,91.28736420776842
23.19,89.91950634218782
23.2,88.56186378976747
23.21,87.21443990035543
23.22,85.8772379985862
23.23,84.55026138387251
23.240000000000002,83.2335133303973
23.25,81.92699708710548
23.26,80.63071587769599
23.27,79.34467290061386
23.28,78.0688713290423
23.29,76.80331431089486
23.3,75.54800496880767
23.31,74.30294640013176
23.32,73.06814167692536
23.330000000000002,71.84359384594642
23.34,70.62930592864492
23.35,69.42528092115565
23.36,68.23152179429059
23.37,67.04803149353171
23.38,65.87481293902371
23.39,64.71186902556673
23.400000000000002,63.55920262260926
23.41,62.416816574241096
23.42,61.28471369918623
23.43,60.16289679079597
23.44,59.05136861704203
23.45,57.95013192050967
23.46,56.859189418390976
23.47,55.77854380247813
23.48,54.70819773915676
23.490000000000002,53.64815386939938
23.5,52.59841480875886
23.51,51.55898314736197
23.52,50.529861449903024
23.53,49.51105225563751
23.54,48.50255807837583
23.55,47.50438140647711
23.56,46.51652470284307
23.57,45.53899040491193
23.580000000000002,44.57178092465239
23.59,43.614898648557684
23.6,42.66834593763973
23.61,41.73212512742323
23.62,40.80623852793998
23.63,39.89068842372312
23.64,38.985477073801505
23.650000000000002,38.09060671169418
23.66,37.206079545404805
23.67,36.331897757416215
23.68,35.468063504685084
23.69,34.61457891863656
23.7,33.771446105159015
23.71,32.93866714459885
23.72,32.11624409175538
23.73,31.304178975875715
23.740000000000002,30.50247380064981
23.75,29.711130544205496
23.76,28.930151159103588
23.77,28.15953757233308
23.78,27.399291685306395
23.79,26.64941537385469
23.8,25.90991048822322
23.81,25.18077885306677
23.82,24.462022267445178
23.830000000000002,23.75364250481887
23.84,23.055641313044482
23.85,22.36802041437058
23.86,21.69078150543337
23.87,21.02392625725254
23.88,20.367456315227123
23.89,19.72137329913145
23.900000000000002,19.08567880311113
23.91,18.460374395679143
23.92,17.845461619711948
23.93,17.240941992445705
23.94,16.646817005472492
23.95,16.06308812473666
23.96,15.489756790531187
23.97,14.926824417494156
23.98,14.374292394605234
23.990000000000002,13.83216208518226
24.0,13.300434826877883
24.01,12.779111931676255
24.02,12.2681946858898
24.03,11.767684350156028
24.04,11.27758215943444
24.05,10.797889323003472
24.060000000000002,10.328607024457515
24.07,9.86973642170399
24.080000000000002,9.421278646960491
24.09,8.983234806752002
24.1,8.555605981908148
24.11,8.138393227560552
24.12,7.731597573140208
24.13,7.335220022374955
24.14,6.949261553286997
24.150000000000002,6.57372311819049
24.16,6.208605643689189
24.17,5.85391003067417
24.18,5.509637154321597
24.19,5.1757878640905695
24.2,4.852362983721028
24.21,4.539363311231709
24.22,4.23678961891819
24.23,3.9446426533509813
24.240000000000002,3.6629231353736773
24.25,3.3916317601011867
24.26,3.130769196918007
24.27,2.8803360894765824
24.28,2.6403330556957085
24.29,2.410760687759017
24.3,2.1916195521135027
24.310000000000002,1.982910189468132
24.32,1.7846331147925112
24.330000000000002,1.5967888173156117
24.34,1.4193777605245672
24.35,1.2524003821635215
24.36,1.095857094232557
24.37,0.9497482829866752
24.38,0.8140743089348468
24.39,0.6888355068391123
24.400000000000002,0.5740321857137669
24.41,0.4696646288245928
24.42,0.37573309368816177
24.43,0.29223781207120236
24.44,0.21917898999001895
24.45,0.15655680770999247
24.46,0.10437141974513257
24.47,0.06262295485769946
24.48,0.03131151605787719
24.490000000000002,0.01043718060352841
24.5,8.137188034201683e-16
24.51,0.0
24.52,0.0
24.53,0.0
24.54,0.0
24.55,0.0
24.560000000000002,0.0
24.57,0.0
24.580000000000002,0.0
24.59,0.0
24.6,0.0
24.61,0.0
24.62,0.0
24.63,0.0
24.64,0.0
24.650000000000002,0.0
24.66,0.0
24.67,0.0
24.68,0.0
24.69,0.0
24.7,0.0
24.71,0.0
24.72,0.0
24.73,0.0
24.740000000000002,0.0
24.75,0.0
24.76,0.0
24.77,0.0
24.78,0.0
24.79,0.0
24.8,0.0
24.810000000000002,0.0
24.82,0.0
24.830000000000002,0.0
24.84,0.0
24.85,0.0
24.86,0.0
24.87,0.0
24.88,0.0
24.89,0.0
24.900000000000002,0.0
24.91,0.0
24.92,0.0
24.93,0.0
24.94,0.0
24.95,0.0
24.96,0.0
24.97,0.0
24.98,0.0
24.990000000000002,0.0
25.0,0.0
25.01,0.0
25.02,0.0
25.03,0.0
25.04,0.0
25.05,0.0
25.060000000000002,0.0
25.07,0.0
25.080000000000002,0.0
25.09,0.0
25.1,0.0
25.11,0.0
25.12,0.0
25.13,0.0
25.14,0.0
25.150000000000002,0.0
25.16,0.0
25.17,0.0
25.18,0.0
25.19,0.0
25.2,0.0
25.21,0.0
25.22,0.0
25.23,0.0
25.240000000000002,0.0
25.25,0.0
25.26,0.0
25.27,0.0
25.28,0.0
25.29,0.0
25.3,0.0
25.310000000000002,0.0
25.32,0.0
25.330000000000002,0.0
25.34,0.0
25.35,0.0
25.36,0.0
25.37,0.0
25.38,0.0
25.39,0.0
25.400000000000002,0.0
25.41,0.0
25.42,0.0
25.43,0.0
25.44,0.0
25.45,0.0
25.46,0.0
25.47,0.0
25.48,0.0
25.490000000000002,0.0
25.5,0.0
25.51,0.0
25.52,0.0
25.53,0.0
25.54,0.0
25.55,0.0
25.560000000000002,0.0
25.57,0.0
25.580000000000002,0.0
25.59,0.0
25.6,0.0
25.61,0.0
25.62,0.0
25.63,0.0
25.64,0.0
25.650000000000002,0.0
25.66,0.0
25.67,0.0
25.68,0.0
25.69,0.0
25.7,0.0
25.71,0.0
25.72,0.0
25.73,0.0
25.740000000000002,0.0
25.75,0.0
25.76,0.0
25.77,0.0
25.78,0.0
25.79,0.0
25.8,0.0
25.810000000000002,0.0
25.82,0.0
25.830000000000002,0.0
25.84,0.0
25.85,0.0
25.86,0.0
25.87,0.0
25.88,0.0
25.89,0.0
25.900000000000002,0.0
25.91,0.0
25.92,0.0
25.93,0.0
25.94,0.0
25.95,0.0
25.96,0.0
25.97,0.0
25.98,0.0
25.990000000000002,0.0
26.0,0.0
26.01,0.0
26.02,0.0
26.03,0.0
26.04,0.0
26.05,0.0
26.060000000000002,0.0
26.07,0.0
26.080000000000002,0.0
26.09,0.0
26.1,0.0
26.11,0.0
26.12,0.0
26.13,0.0
26.14,0.0
26.150000000000002,0.0
26.16,0.0
26.17,0.0
26.18,0.0
26.19,0.0
26.2,0.0
26.21,0.0
26.22,0.0
26.23,0.0
26.240000000000002,0.0
26.25,0.0
26.26,0.0
26.27,0.0
26.28,0.0
26.29,0.0
26.3,0.0
26.310000000000002,0.0
26.32,0.0
26.330000000000002,0.0
26.34,0.0
26.35,0.0
26.36,0.0
26.37,0.0
26.38,0.0
26.39,0.0
26.400000000000002,0.0
26.41,0.0
26.42,0.0
26.43,0.0
26.44,0.0
26.45,0.0
26.46,0.0
26.47,0.0
26.48,0.0
26.490000000000002,0.0
26.5,0.0
26.51,0.0
26.52,0.0
26.53,0.0
26.54,0.0
26.55,0.0
26.560000000000002,0.0
26.57,0.0
26.580000000000002,0.0
26.59,0.0
26.6,0.0
26.61,0.0
26.62,0.0
26.63,0.0
26.64,0.0
26.650000000000002,0.0
26.66,0.0
26.67,0.0
26.68,0.0
26.69,0.0
26.7,0.0
26.71,0.0
26.72,0.0
26.73,0.0
26.740000000000002,0.0
26.75,0.0
26.76,0.0
26.77,0.0
26.78,0.0
26.79,0.0
26.8,0.0
26.810000000000002,0.0
26.82,0.0
26.830000000000002,0.0
26.84,0.0
26.85,0.0
26.86,0.0
26.87,0.0
26.88,0.0
26.89,0.0
26.900000000000002,0.0
26.91,0.0
26.92,0.0
26.93,0.0
26.94,0.0
26.95,0.0
26.96,0.0
26.97,0.0
26.98,0.0
26.990000000000002,0.0
27.0,0.0
27.01,0.0
27.02,0.0
27.03,0.0
27.04,0.0
27.05,0.0
27.060000000000002,0.0
27.07,0.0
27.080000000000002,0.0
27.09,0.0
27.1,0.0
27.11,0.0
27.12,0.0
27.13,0.0
27.14,0.0
27.150000000000002,0.0
27.16,0.0
27.17,0.0
27.18,0.0
27.19,0.0
27.2,0.0
27.21,0.0
27.22,0.0
27.23,0.0
27.240000000000002,0.0
27.25,0.0
27.26,0.0
27.27,0.0
27.28,0.0
27.29,0.0
27.3,0.0
27.310000000000002,0.0
27.32,0.0
27.330000000000002,0.0
27.34,0.0
27.35,0.0
27.36,0.0
27.37,0.0
27.38,0.0
27.39,0.0
27.400000000000002,0.0
27.41,0.0
27.42,0.0
27.43,0.0
27.44,0.0
27.45,0.0
27.46,0.0
27.47,0.0
27.48,0.0
27.490000000000002,0.0
27.5,0.0
27.51,0.0
27.52,0.0
27.53,0.0
27.54,0.0
27.55,0.0
27.560000000000002,0.0
27.57,0.0
27.580000000000002,0.0
27.59,0.0
27.6,0.0
27.61,0.0
27.62,0.0
27.63,0.0
27.64,0.0
27.650000000000002,0.0
27.66,0.0
27.67,0.0
27.68,0.0
27.69,0.0
27.7,0.0
27.71,0.0
27.72,0.0
27.73,0.0
27.740000000000002,0.0
27.75,0.0
27.76,0.0
27.77,0.0
27.78,0.0
27.79,0.0
27.8,0.0
27.810000000000002,0.0
27.82,0.0
27.830000000000002,0.0
27.84,0.0
27.85,0.0
27.86,0.0
27.87,0.0
27.88,0.0
27.89,0.0
27.900000000000002,0.0
27.91,0.0
27.92,0.0
27.93,0.0
27.94,0.0
27.95,0.0
27.96,0.0
27.97,0.0
27.98,0.0
27.990000000000002,0.0
28.0,0.0
28.01,0.0
28.02,0.0
28.03,0.0
28.04,0.0
28.05,0.0
28.060000000000002,0.0
28.07,0.0
28.080000000000002,0.0
28.09,0.0
28.1,0.0
28.11,0.0
28.12,0.0
28.13,0.0
28.14,0.0
28.150000000000002,0.0
28.16,0.0
28.17,0.0
28.18,0.0
28.19,0.0
28.2,0.0
28.21,0.0
28.22,0.0
28.23,0.0
28.240000000000002,0.0
28.25,0.0
28.26,0.0
28.27,0.0
28.28,0.0
28.29,0.0
28.3,0.0
28.310000000000002,0.0
28.32,0.0
28.330000000000002,0.0
28.34,0.0
28.35,0.0
28.36,0.0
28.37,0.0
28.38,0.0
28.39,0.0
28.400000000000002,0.0
28.41,0.0
28.42,0.0
28.43,0.0
28.44,0.0
28.45,0.0
28.46,0.0
28.47,0.0
28.48,0.0
28.490000000000002,0.0
28.5,0.0
28.51,0.0
28.52,0.0
28.53,0.0
28.54,0.0
28.55,0.0
28.560000000000002,0.0
28.57,0.0
28.580000000000002,0.0
28.59,0.0
28.6,0.0
28.61,0.0
28.62,0.0
28.63,0.0
28.64,0.0
28.650000000000002,0.0
28.66,0.0
28.67,0.0
28.68,0.0
28.69,0.0
28.7,0.0
28.71,0.0
28.72,0.0
28.73,0.0
28.740000000000002,0.0
28.75,0.0
28.76,0.0
28.77,0.0
28.78,0.0
28.79,0.0
28.8,0.0
28.810000000000002,0.0
28.82,0.0
28.830000000000002,0.0
28.84,0.0
28.85,0.0
28.86,0.0
28.87,0.0
28.88,0.0
28.89,0.0
28.900000000000002,0.0
28.91,0.0
28.92,0.0
28.93,0.0
28.94,0.0
28.95,0.0
28.96,0.0
28.97,0.0
28.98,0.0
28.990000000000002,0.0
29.0,0.0
29.01,0.0
29.02,0.0
29.03,0.0
29.04,0.0
29.05,0.0
29.060000000000002,0.0
29.07,0.0
29.080000000000002,0.0
29.09,0.0
29.1,0.0
29.11,0.0
29.12,0.0
29.13,0.0
29.14,0.0
29.150000000000002,0.0
29.16,0.0
29.17,0.0
29.18,0.0
29.19,0.0
29.2,0.0
29.21,0.0
29.22,0.0
29.23,0.0
29.240000000000002,0.0
29.25,0.0
29.26,0.0
29.27,0.0
29.28,0.0
29.29,0.0
29.3,0.0
29.310000000000002,0.0
29.32,0.0
29.330000000000002,0.0
29.34,0.0
29.35,0.0
29.36,0.0
29.37,0.0
29.38,0.0
29.39,0.0
29.400000000000002,0.0
29.41,0.0
29.42,0.0
29.43,0.0
29.44,0.0
29.45,0.0
29.46,0.0
29.47,0.0
29.48,0.0
29.490000000000002,0.0
29.5,0.0
29.51,0.0
29.52,0.0
29.53,0.0
29.54,0.0
29.55,0.0
29.560000000000002,0.0
29.57,0.0
29.580000000000002,0.0
29.59,0.0
29.6,0.0
29.61,0.0
29.62,0.0
29.63,0.0
29.64,0.0
29.650000000000002,0.0
29.66,0.0
29.67,0.0
29.68,0.0
29.69,0.0
29.7,0.0
29.71,0.0
29.72,0.0
29.73,0.0
29.740000000000002,0.0
29.75,0.0
29.76,0.0
29.77,0.0
29.78,0.0
29.79,0.0
29.8,0.0
29.810000000000002,0.0
29.82,0.0
29.830000000000002,0.0
29.84,0.0
29.85,0.0
29.86,0.0
29.87,0.0
29.88,0.0
29.89,0.0
29.900000000000002,0.0
29.91,0.0
29.92,0.0
29.93,0.0
29.94,0.0
29.95,0.0
29.96,0.0
29.97,0.0
29.98,0.0
29.990000000000002,0.0
30.0,0.0
